{"mouse_clicks": [[463, 583], [463, 583], [1275.578125, 410.76953125], [1275.578125, 410.76953125], [756.41796875, 14.33203125], [756.65234375, 14.33203125], [677.8203125, 22.58203125], [677.8203125, 22.58203125], [548.78515625, 35.125], [548.78515625, 35.37890625], [758.54296875, 19.72265625], [759.12890625, 19.72265625], [673.40625, 20.0546875], [673.6640625, 20.0546875], [601.55859375, 15.7265625], [601.3125, 15.7265625], [856.87890625, 19.12890625], [856.62109375, 19.12890625], [673.9765625, 20.8359375], [673.9765625, 20.8359375]], "timings": [0.01219797134399414, 2.5558809757232666, 0.18376708030700684, 2.583189010620117, 0.08770322799682617, 4.613339614868, 0.11952519416809082, 4.94292907714844, 0.08858776092529297, 6.306448316574097, 0.1013181209564209, 5.764580821990967, 0.08839082717895508, 4.937303161621094, 0.11228299140930176, 5.142661905288696, 0.1039280891418457, 4.714965057373047, 0.11192512512207031]}