{"mouse_clicks": [[1034.73828125, 287.13671875], [179.29296875, 324.37890625], [213.59375, 301.91796875], [213.59375, 301.91796875], [379.73828125, 303.07421875], [379.73828125, 303.07421875], [1048.06640625, 279.90625], [222.42578125, 334.83203125], [220.609375, 312.26953125], [220.609375, 312.26953125], [380.83984375, 306.33984375], [380.83984375, 306.33984375], [1045.42578125, 295.51171875], [301.15234375, 344.76953125], [213.19140625, 325.60546875], [213.19140625, 325.60546875], [378.73828125, 322.6328125], [378.73828125, 322.86328125], [1042.515625, 291.5234375], [342.0, 342.7265625], [220.765625, 324.2734375], [220.765625, 324.2734375], [382.01953125, 319.18359375], [382.01953125, 319.18359375], [1280.93359375, 157.859375], [1280.93359375, 157.859375]], "timings": [2.4259960651397705, 1.3796377182006836, 0.08741497993469238, 1.0410499572753906, 0.0737311840057373, 1.4335319995880127, 1.5783848762512207, 0.6802010536193848, 0.08002471923828125, 1.225701093673706, 0.08858609199523926, 1.0896971225738525, 1.5622820854187012, 0.8649160861968994, 0.07995772361755371, 1.0265772342681885, 0.08751797676086426, 0.9859509468078613, 1.2335100173950195, 1.034106969833374, 0.08740687370300293, 0.8653080463409424, 0.10382890701293945, 2.2999119758605957, 0.13653302192687988]}