{"mouse_clicks": [[682.5, 675.33984375], [682.5, 675.33984375], [858.6796875, 683.59765625], [858.6796875, 683.59765625], [592.19140625, 678.1953125], [592.19140625, 678.1953125], [588.93359375, 675.23828125], [588.93359375, 675.23828125], [677.34765625, 683.3984375], [677.60546875, 683.13671875], [761.96484375, 680.94140625], [762.21875, 680.94140625], [759.01953125, 680.94140625], [759.01953125, 680.94140625], [766.5546875, 680.55859375], [766.31640625, 680.55859375], [168.90234375, 372.73828125], [168.90234375, 372.9921875], [1108, 207], [1108, 207]], "timings": [0.12747907638549805, 5.5481390953063965, 0.0965278148651123, 4.569138288497925, 0.10470414161682129, 4.520086050033569, 0.10477375984191895, 3.8503291606903076, 0.12801408767700195, 4.418211936950684, 0.11163711547851562, 4.02431583404541, 0.12824201583862305, 5.41579794883728, 0.16115307807922363, 6.400866746902466, 0.09604597091674805, 4.522803068161011, 0.1283719539642334]}