{"mouse_clicks": [[378.51171875, 532.01171875], [378.51171875, 532.01171875], [951.01953125, 382.59375], [951.01953125, 382.59375], [991.171875, 429.67578125], [991.171875, 429.67578125], [639.23828125, 132.1171875], [639.23828125, 132.1171875], [669.3515625, 314.34765625], [669.3515625, 314.34765625], [1288.8046875, 280.95703125], [1288.8046875, 280.95703125], [757.0078125, 691.65234375], [757.0078125, 691.65234375], [423.0078125, 691.02734375], [423.0078125, 691.02734375], [1285.3203125, 328.84765625], [1285.3203125, 328.84765625], [678.88671875, 684.18359375], [678.88671875, 684.18359375], [678.88671875, 682.22265625], [678.88671875, 682.22265625], [679.39453125, 683.078125], [679.39453125, 683.078125], [1282.234375, 329.99609375], [1282.234375, 329.99609375], [676.0234375, 680.16015625], [676.0234375, 680.16015625], [1281.33203125, 329.25], [1281.33203125, 329.25], [1280.1640625, 373.265625], [1280.1640625, 373.265625], [1281.9921875, 322.29296875], [1281.9921875, 322.29296875], [679.890625, 680.828125], [679.890625, 680.828125]], "timings": [5.875205039978027, 0.08778500556945801, 1.9064528942108154, 0.12034821510314941, 0.6331162452697754, 0.09740614891052246, 2.4184281826019287, 0.08784222602844238, 2.011422872543335, 0.08816313743591309, 2.123478889465332, 0.11136412620544434, 13.616500854492188, 0.12778878211975098, 8.257139921188354, 0.1365039348602295, 10.335134983062744, 0.15205907821655273, 7.63615083694458, 0.16833209991455078, 7.009366035461426, 0.16948819160461426, 6.209065914154053, 0.13599109649658203, 4.984308242797852, 0.16833996772766113, 4.935340881347656, 0.14446020126342773, 4.855358123779297, 0.12022614479064941, 5.991605043411255, 0.1524369716644287, 15.357478141784668, 0.13626480102539062, 7.270259857177734, 0.1205301284790039]}