{"mouse_clicks": [[1242.0390625, 195.75], [1242.0390625, 195.75], [1030.98828125, 295.76953125], [298.39453125, 273.5078125], [208.0703125, 248.3203125], [208.0703125, 248.3203125], [371.8046875, 255.82421875], [371.8046875, 255.82421875], [1281.55859375, 156.0078125], [1281.55859375, 156.0078125]], "timings": [4.220792055130005, 0.13681507110595703, 3.2605843544006348, 1.4172029495239258, 1.1934359073638916, 0.09680509567260742, 0.9690451622009277, 0.15985679626464844, 4.134298801422119, 0.13600492477416992]}