{"mouse_clicks": [[590.30078125, 19.7265625], [590.30078125, 19.7265625], [678.0859375, 23.5859375], [678.0859375, 23.5859375], [678.0859375, 23.5859375], [678.0859375, 23.5859375], [676.76171875, 23.609375], [676.76171875, 23.609375], [679.60546875, 23.609375], [679.60546875, 23.609375], [679.60546875, 23.609375], [679.60546875, 23.609375], [895.24609375, 6.91015625], [895.24609375, 6.91015625], [152.16796875, 281.7109375], [152.16796875, 281.7109375], [180.27734375, 78.69140625], [180.27734375, 78.69140625], [215.83203125, 123.53515625], [215.83203125, 123.53515625], [527.09765625, 126.16796875], [527.09765625, 126.16796875], [583.6875, 232.53515625], [583.6875, 232.53515625], [896.67578125, 316.66796875], [896.67578125, 316.66796875]], "timings": [5.5824949741363525, 0.12878012657165527, 3.650378942489624, 0.08760786056518555, 5.683233022689819, 0.11246013641357422, 3.588844060897827, 0.15148401260375977, 4.66269588470459, 0.14443683624267578, 6.248608827590942, 0.12823081016540527, 9.284229755401611, 0.18395376205444336, 8.100157976150513, 0.14268183708190918, 6.866167783737183, 0.11965799331665039, 0.9777560234069824, 0.10418295860290527, 6.960309028625488, 0.14437294006347656, 1.4228131771087646, 0.1076960563659668, 6.784363031387329, 0.1851520538330078]}