{"mouse_clicks": [[164.91015625, 373.75390625], [164.91015625, 373.75390625], [164.85546875, 328.8125], [164.85546875, 328.8125], [164.85546875, 328.8125], [164.85546875, 328.8125], [164.85546875, 328.8125], [164.85546875, 328.8125], [678.3203125, 677.765625], [678.3203125, 677.765625], [163.94140625, 327.70703125], [163.94140625, 327.70703125], [163.69140625, 329.2109375], [163.69140625, 329.2109375], [1066.0859375, 653.359375], [1066.0859375, 653.359375], [957.34765625, 395.4609375], [957.34765625, 395.4609375], [1006.74609375, 478.99609375], [1006.74609375, 478.99609375], [820.875, 356.4296875], [878.9140625, 575.38671875], [860.28515625, 557.46484375], [860.28515625, 557.46484375], [821.41796875, 336.13671875], [874.375, 583.7109375], [856.6328125, 561.51171875], [856.6328125, 561.51171875], [993.21484375, 635.671875], [993.21484375, 635.671875], [802.0859375, 612.64453125], [802.0859375, 612.64453125], [973.41015625, 612.3515625], [973.41015625, 612.3515625], [1212.640625, 646.84765625], [1212.640625, 646.84765625], [727.55859375, 395.94140625], [727.55859375, 395.94140625], [1274.08984375, 210.3828125], [1274.08984375, 210.3828125], [551.234375, 525.1015625], [551.234375, 525.1015625], [677.41796875, 21.7890625], [677.41796875, 21.7890625], [1288.5234375, 327.0859375], [1288.5234375, 327.0859375]], "timings": [4.1954710483551025, 0.1278519630432129, 10.464940071105957, 0.1525719165802002, 7.762861013412476, 0.11288309097290039, 6.953763008117676, 0.11182904243469238, 7.876516819000244, 0.14386415481567383, 5.35287880897522, 0.12027597427368164, 5.590350151062012, 0.14437007904052734, 7.779744863510132, 0.15263104438781738, 5.665674924850464, 0.0956869125366211, 0.8888251781463623, 0.1125330924987793, 3.0918939113616943, 0.7531239986419678, 1.1077899932861328, 0.11004090309143066, 0.7600667476654053, 0.9381051063537598, 0.8012151718139648, 0.11962723731994629, 1.4589378833770752, 0.1280219554901123, 3.483881950378418, 0.1052401065826416, 1.0576350688934326, 0.0965728759765625, 1.8016889095306396, 0.1212470531463623, 1100.34450697898865, 0.12871909141540527, 1.6667900085449219, 0.1283268928527832, 3.509459972381592, 0.1362907886505127, 4.198312997817993, 0.14532804489135742, 6.208685874938965, 0.13719868659973145]}