{"mouse_clicks": [[374.5390625, 531.3828125], [374.5390625, 531.3828125], [975.921875, 378.609375], [975.921875, 378.609375], [1043.4296875, 433.80078125], [1043.6875, 433.80078125], [622.06640625, 128.92578125], [622.06640625, 128.92578125], [739.44921875, 323.5], [739.44921875, 323.5], [1288.55078125, 282.19921875], [1288.55078125, 282.19921875], [754.109375, 689.86328125], [754.109375, 689.86328125], [418.71484375, 689.0078125], [418.71484375, 689.26171875], [1281.28515625, 327.9453125], [1281.28515625, 327.9453125], [678.16015625, 677.3203125], [677.9140625, 677.3203125], [677.9140625, 677.3203125], [677.9140625, 677.3203125], [677.9140625, 677.3203125], [677.9140625, 677.3203125], [676.3671875, 679.453125], [676.3671875, 679.453125], [678.5, 679.7265625], [678.5, 679.7265625], [678.5, 679.7265625], [678.5, 679.7265625]], "timings": [3.460664987564087, 0.19980382919311523, 2.79331111907959, 0.12293696403503418, 0.9127883911132812, 0.13647198677062988, 3.541224956512451, 0.15186500549316406, 2.1302130222320557, 0.15290594100952148, 3.0687167644500732, 0.1369459629058838, 9.929133892059326, 0.18410491943359375, 6.640733003616333, 0.15456175804138184, 8.417946100234985, 0.14452481269836426, 4.059546947479248, 0.1278378963470459, 4.436116933822632, 0.13646912574768066, 3.7660319805145264, 0.11159014701843262, 4.116167306900024, 0.10424017906188965, 3.8214590549468994, 0.14422082901000977, 5.390764951705933, 0.1204068660736084]}