{"mouse_clicks": [[388.30078125, 393.76953125], [388.30078125, 393.76953125]], "timings": [2.709761142730713, 0.1766207218170166]}