{"mouse_clicks": [[1245.125, 195.71875], [1245.125, 195.71875], [1266.140625, 233.8671875], [1266.140625, 233.8671875], [1067.25, 432.8203125], [1067.25, 432.8203125], [1030.203125, 280.5625], [385.12109375, 342.79296875], [209.1171875, 319.42578125], [209.1171875, 319.6796875], [374.203125, 323.4140625], [374.203125, 323.4140625], [1280.8046875, 157.01171875], [1280.8046875, 157.01171875]], "timings": [2.6680808067321777, 0.10500001907348633, 0.8968958854675293, 0.13553905487060547, 1.4179420471191406, 0.09691500663757324, 0.880418062210083, 1.7136073112487793, 0.9935994148254395, 0.0878143310546875, 0.6326179504394531, 0.08835911750793457, 2.010002851486206, 0.12036991119384766]}