{"mouse_clicks": [[166.296875, 327.82421875], [166.296875, 327.82421875], [164.0859375, 331.640625], [164.0859375, 331.640625], [1063.85546875, 656.55859375], [1063.85546875, 656.8125], [933.5546875, 394.44140625], [933.5546875, 394.44140625], [975.55078125, 474.19921875], [975.55078125, 474.19921875], [881.57421875, 292.51953125], [881.57421875, 292.51953125], [1079.16796875, 253.84375], [1079.16796875, 253.84375], [1129.31640625, 415.71484375], [1129.31640625, 415.71484375], [819.58203125, 357.5703125], [884.75390625, 585.49609375], [860.734375, 552.16015625], [860.734375, 552.16015625], [826.3203125, 352.26171875], [876.9921875, 584.99609375], [863.40234375, 560.7421875], [863.1640625, 560.7421875], [993.6015625, 643.49609375], [993.6015625, 643.73828125], [818.9375, 625.21484375], [818.6796875, 625.21484375], [969.59765625, 621.390625], [969.59765625, 621.390625], [1192.04296875, 645.4765625], [1192.296875, 645.4765625], [482.31640625, 266.7578125], [482.31640625, 266.7578125], [482.31640625, 266.7578125], [482.31640625, 266.7578125], [736.95703125, 388.01171875], [736.95703125, 388.01171875], [1277.81640625, 212.55078125], [1277.81640625, 212.55078125], [548.24609375, 522.22265625], [548.24609375, 522.4765625], [678.99609375, 25.8515625], [678.99609375, 25.8515625], [1278.078125, 326.91796875], [1278.078125, 326.91796875]], "timings": [6.765218019485474, 0.1282501220703125, 4.334473133087158, 0.11160707473754883, 5.087328910827637, 0.12845897674560547, 3.9238030910491943, 0.10410213470458984, 0.8327059745788574, 0.08839106559753418, 3.635847330093384, 0.12906908988952637, 0.8408017158508301, 0.10402321815490723, 4.991018056869507, 0.1381669044494629, 1.255145788192749, 1.12176513671875, 0.7286739349365234, 0.10409808158874512, 0.720726728439331, 0.8657751083374023, 0.6246881484985352, 0.08005499839782715, 0.7519400119781494, 0.1205439567565918, 0.8583400249481201, 0.07118916511535645, 0.8255407810211182, 0.09607625007629395, 1.201559066772461, 0.12041497230529785, 93.07605695724487, 0.13530898094177246, 396.0606119632721, 0.15998601913452148, 268.6299431324005, 0.09600305557250977, 1.4725959300994873, 0.10536432266235352, 1.162175178527832, 0.11937212944030762, 2.9159700870513916, 0.12061905860900879, 3.91565203666687, 0.13655400276184082]}