{"mouse_clicks": [[1011.4609375, 735.1875], [1011.4609375, 735.1875], [1150.765625, 153.1875], [1150.765625, 153.41796875], [1097.18359375, 258.9296875], [1097.18359375, 258.9296875], [660.2890625, 583.03125], [660.05078125, 583.03125], [711.80859375, 544.390625], [711.80859375, 544.390625], [1081.109375, 255.6171875], [1081.109375, 255.6171875], [648.33984375, 587.84765625], [648.33984375, 588.1015625], [722.22265625, 560.078125], [722.22265625, 560.078125], [1078.3828125, 265.6328125], [1078.3828125, 265.6328125], [656.125, 589.72265625], [655.87890625, 589.72265625], [720.390625, 556.27734375], [720.390625, 556.27734375], [1083.22265625, 265.828125], [1082.96484375, 266.08203125], [651.91796875, 588.7890625], [651.91796875, 588.7890625], [711.5078125, 554.328125], [711.5078125, 554.328125], [1080.83984375, 263.8359375], [1080.83984375, 263.8359375], [655.7421875, 585.63671875], [655.7421875, 585.63671875], [708.96484375, 555.1953125], [708.96484375, 555.1953125], [1279.81640625, 50.234375], [1279.81640625, 50.234375]], "timings": [3.3030309677124023, 0.1278848648071289, 1.9388518333435059, 0.09650683403015137, 0.7928707599639893, 0.07962584495544434, 1.2181451320648193, 0.12054300308227539, 0.6086149215698242, 0.10437369346618652, 1.40195894241333, 0.08829808235168457, 1.1873221397399902, 0.07866168022155762, 0.8172197341918945, 0.08761096000671387, 1.0095748901367188, 0.08842015266418457, 1.1538503170013428, 0.11223292350769043, 0.6495840549468994, 0.06379008293151855, 1.0099711418151855, 0.08756709098815918, 1.1616759300231934, 0.12025713920593262, 0.6088299751281738, 0.08018374443054199, 1.4102399349212646, 0.08044099807739258, 1.2496659755706787, 0.1284317970275879, 0.7686069011688232, 0.07323408126831055, 1.3612122535705566, 0.07993173599243164]}