{"mouse_clicks": [[463.1953125, 575.02734375], [463.1953125, 575.02734375], [1281.30859375, 421.40625], [1281.30859375, 421.40625], [764.453125, 23.60546875], [764.453125, 23.60546875], [679.15625, 20.92578125], [679.15625, 20.92578125], [548.19921875, 42.82421875], [548.19921875, 42.82421875], [764.3046875, 22.24609375], [764.3046875, 22.24609375], [683.91796875, 24.48046875], [683.91796875, 24.48046875], [592.00390625, 23.3125], [592.00390625, 23.3125], [849.765625, 21.328125], [849.765625, 21.328125], [678.87890625, 25.06640625], [678.87890625, 25.06640625]], "timings": [3.322139024734497, 0.13639187812805176, 3.1081669330596924, 0.17638897895812988, 3.459813117980957, 0.1527881622314453, 4.775099992752075, 0.11257815361022949, 6.944153070449829, 0.1526660919189453, 5.59754490852356, 0.17692804336547852, 6.0790839195251465, 0.13663315773010254, 5.302469253540039, 0.1520850658416748, 4.644662857055664, 0.13745617866516113, 5.246774911880493, 0.25619077682495117]}