{"mouse_clicks": [[1244.8515625, 199.9296875], [1244.8515625, 199.9296875], [1278.71875, 238.7734375], [1278.71875, 238.7734375], [1071.2421875, 434.72265625], [1071.2421875, 434.72265625], [1140.76953125, 297.12890625], [378.12109375, 331.47265625], [220.37109375, 317.29296875], [220.11328125, 317.29296875], [374.23828125, 316.78515625], [374.46875, 316.78515625], [1085.37890625, 293.46875], [325.91015625, 350.26171875], [226.54296875, 335.765625], [226.54296875, 335.765625], [376.80078125, 330.96484375], [377.0546875, 330.96484375], [1035.3203125, 281.5078125], [326.515625, 349.0625], [220.859375, 330.125], [220.859375, 330.125], [378.08203125, 328.484375], [378.08203125, 328.484375], [1282.9765625, 150.98046875], [1282.9765625, 150.98046875]], "timings": [2.363720178604126, 0.10461902618408203, 1.2333109378814697, 0.1198892593383789, 1.362077236175537, 0.06378316879272461, 1.5539538860321045, 0.8247520923614502, 0.8331899642944336, 0.08830070495605469, 0.720879077911377, 0.07231831550598145, 0.7854042053222656, 0.6273272037506104, 0.6702802181243896, 0.07150006294250488, 0.6489408016204834, 0.06414580345153809, 1.009110689163208, 0.8571162223815918, 0.616314172744751, 0.0799400806427002, 0.6895530223846436, 0.08726191520690918, 4.615923881530762, 0.09644269943237305]}