{"mouse_clicks": [[506.8984375, 551.37109375], [506.8984375, 551.37109375], [681.48828125, 681.16015625], [681.48828125, 681.16015625], [681.48828125, 681.16015625], [681.48828125, 681.16015625], [162.4765625, 415.59765625], [162.4765625, 415.59765625], [761.08984375, 681.10546875], [761.08984375, 681.10546875], [164.55859375, 284.05078125], [164.55859375, 284.05078125], [590.921875, 677.953125], [590.921875, 678.20703125], [590.921875, 678.20703125], [590.921875, 678.20703125], [680.01171875, 680.0390625], [680.01171875, 680.0390625], [762.12109375, 676.6953125], [762.12109375, 676.6953125], [763.43359375, 675.125], [763.43359375, 675.125], [764.6015625, 677.22265625], [764.6015625, 677.22265625], [164.77734375, 375.18359375], [164.53125, 374.9375], [1106.9765625, 195.91796875], [1106.9765625, 195.91796875]], "timings": [4.0348029136657715, 0.11171078681945801, 3.1887218952178955, 0.11302876472473145, 2.9240381717681885, 0.1117854118347168, 4.631045818328857, 0.15987205505371094, 4.230623960494995, 0.19245195388793945, 4.230014085769653, 0.1365349292755127, 4.558690071105957, 0.11272192001342773, 4.365356683731079, 0.13601899147033691, 4.519406795501709, 0.1202702522277832, 4.416462182998657, 0.10538005828857422, 4.607884168624878, 0.11246204376220703, 5.13605523109436, 0.12830615043640137, 5.832395076751709, 0.1603398323059082, 5.279590129852295, 0.1369001865386963]}