{"mouse_clicks": [[1282.00390625, 236.53515625], [1282.00390625, 236.77734375], [846.83203125, 20.24609375], [846.83203125, 20.24609375], [1276.89453125, 282.66796875], [1276.89453125, 282.8984375], [894.42578125, 260.41015625], [894.42578125, 260.41015625], [889.3984375, 370.70703125], [889.3984375, 370.70703125], [939.3203125, 450.1484375], [939.3203125, 450.1484375], [1060.7109375, 260.1875], [1061.296875, 259.890625], [1044.140625, 419.01953125], [1044.140625, 419.01953125], [925.671875, 350.328125], [897.15234375, 571.11328125], [880.1953125, 547.82421875], [879.9609375, 547.82421875], [918.79296875, 357.60546875], [878.4765625, 593.6171875], [861.51953125, 563.12109375], [861.51953125, 563.12109375], [1005.82421875, 642.7421875], [1006.078125, 642.7421875], [828.046875, 617.578125], [827.7890625, 617.578125], [983.578125, 616.34765625], [983.578125, 616.34765625], [1185.39453125, 640.7734375], [1185.39453125, 640.7734375], [441.2890625, 110.859375], [441.2890625, 110.859375], [381.48828125, 317.75390625], [381.48828125, 317.75390625], [701.91015625, 395.04296875], [701.91015625, 395.04296875], [878.5390625, 341.39453125], [874.1953125, 576.05859375], [854.06640625, 551.8984375], [854.06640625, 551.8984375], [870.5625, 345.8125], [878.23828125, 570.27734375], [859.1328125, 542.11328125], [859.1328125, 542.11328125], [1007.84765625, 639.19921875], [1007.84765625, 639.44140625], [818.2265625, 618.671875], [818.46875, 618.671875], [987.77734375, 616.48828125], [987.77734375, 616.48828125], [1216.16796875, 645.40625], [1216.16796875, 645.40625], [769.546875, 395.44921875], [769.546875, 395.44921875], [821.84765625, 348.56640625], [890.24609375, 581.05859375], [867.03125, 553.7265625], [867.03125, 553.7265625], [812.97265625, 349.03125], [879.85546875, 578.359375], [858.98046875, 544.8671875], [858.98046875, 544.8671875], [1033.85546875, 646.1328125], [1033.85546875, 646.1328125], [847.13671875, 623.62890625], [847.13671875, 623.62890625], [1013.41796875, 621.375], [1013.41796875, 621.375], [1195.99609375, 644.390625], [1195.99609375, 644.390625], [723.09765625, 389.22265625], [723.09765625, 389.22265625], [1271.9453125, 210.52734375], [1271.9453125, 210.52734375]], "timings": [1.9989161491394043, 0.08862113952636719, 5.285094261169434, 0.09686017036437988, 5.433908939361572, 0.128220796585083, 7.020165920257568, 0.12832093238830566, 5.52083420753479, 0.12848186492919922, 0.9120230674743652, 0.09639477729797363, 3.060694932937622, 0.1127171516418457, 3.2770438194274902, 0.11223673820495605, 4.6885600090026855, 1.0411131381988525, 1.4071269035339355, 0.10093474388122559, 0.8879270553588867, 0.8574950695037842, 0.8493428230285645, 0.07982301712036133, 0.7850911617279053, 0.09643912315368652, 1.1698050498962402, 0.10458779335021973, 0.7602839469909668, 0.10429883003234863, 0.8902337551116943, 0.09670400619506836, 230.10549926757812, 0.17684006690979004, 230.66905689239502, 0.11480712890625, 212.26954293251038, 0.08806204795837402, 2.709001064300537, 1.5291459560394287, 0.8979380130767822, 0.09581184387207031, 0.9221699237823486, 0.8644659519195557, 0.810154914855957, 0.10362720489501953, 0.9936239719390869, 0.08833003044128418, 0.9049921035766602, 0.12028288841247559, 1.3777389526367188, 0.1127309799194336, 1.2180280685424805, 0.08757495880126953, 600.4201970100403, 0.08753299713134766, 0.8886492252349854, 0.8671543598175049, 0.6968419551849365, 0.08769893646240234, 0.9855251312255859, 2.6287639141082764, 0.6883120536804199, 0.08802604675292969, 0.9542582035064697, 0.08086109161376953, 1.0248630046844482, 0.07961893081665039, 1.7707619667053223, 0.09640002250671387, 2.8696370124816895, 0.1116950511932373, 600.59382510185242, 0.07174491882324219, 1.161557912826538, 0.08112215995788574]}