{"mouse_clicks": [[1014.34375, 727.20703125], [1014.09765625, 727.44921875], [1152.42578125, 154.72265625], [1152.42578125, 154.96484375], [1085.2734375, 263.375], [1085.2734375, 263.375], [654.671875, 587.22265625], [654.671875, 587.22265625], [690.0625, 560.53515625], [690.0625, 560.53515625], [1088.84765625, 266.34375], [1089.1015625, 266.34375], [661.4296875, 590.62890625], [661.4296875, 590.62890625], [700.7578125, 568.86328125], [700.7578125, 568.86328125], [1085.73046875, 256.68359375], [1085.984375, 256.9375], [653.80078125, 580.3515625], [653.80078125, 580.3515625], [691.91796875, 558.01953125], [691.91796875, 558.01953125], [1081.69921875, 267.12890625], [1081.44140625, 267.3828125], [647.4140625, 585.93359375], [647.4140625, 586.1875], [703.046875, 559.87109375], [703.046875, 559.87109375], [1081.34375, 266.24609375], [1081.59765625, 266.24609375], [661.90625, 587.65234375], [661.671875, 587.65234375], [701.23046875, 555.85546875], [701.23046875, 555.85546875], [1081.171875, 277.6484375], [1081.171875, 277.6484375], [648.921875, 600.8046875], [648.921875, 600.8046875], [711.671875, 552.48046875], [711.671875, 552.48046875], [1078.55078125, 278.0703125], [1078.78125, 278.0703125], [648.77734375, 591.0390625], [649.01171875, 591.0390625], [744.8125, 550.21875], [744.8125, 550.21875], [1074.625, 268.9140625], [1074.625, 268.9140625], [662.69921875, 600.26953125], [662.69921875, 600.26953125], [728.24609375, 558.0859375], [728.24609375, 558.0859375], [1282.125, 52.640625], [1282.125, 52.640625]], "timings": [2.271634101867676, 0.13662099838256836, 1.8413441181182861, 0.1684119701385498, 1.2736051082611084, 0.11208033561706543, 9.283823013305664, 0.1286017894744873, 2.5387887954711914, 0.13333797454833984, 1.3882129192352295, 0.11974501609802246, 0.9138398170471191, 0.10525202751159668, 0.6471641063690186, 0.09682822227478027, 0.9056711196899414, 0.09555268287658691, 0.9055449962615967, 0.08825278282165527, 0.7128279209136963, 0.16043400764465332, 0.9205880165100098, 0.08098196983337402, 1.0175731182098389, 0.09531593322753906, 0.6485650539398193, 0.10442113876342773, 0.9692761898040771, 0.08784174919128418, 1.1298549175262451, 0.13602089881896973, 0.6253750324249268, 0.07985687255859375, 0.7684681415557861, 0.12070488929748535, 0.9372448921203613, 0.1039421558380127, 0.60036301612854, 0.09683084487915039, 0.8414092063903809, 0.10380005836486816, 0.9379658699035645, 0.1113121509552002, 1.5695722103118896, 0.09629702568054199, 0.721808910369873, 0.1272728443145752, 0.8573448657989502, 0.10516810417175293, 0.6729378700256348, 0.1274418830871582, 1.8669798374176025, 0.16867685317993164]}